name,W_statistic,p_value
Zahl,14,0.04530386472278081
Shannon,13,0.03577531423116713
ChaoEstimate,10,0.03917016602998396
sequenceCount,12,0.027915557403894845
haplotypeCount,8,0.006288275441223261
